PD,PP,
Default,1,1
+HLA,1.79029941,1.380572893
+CEC,2.177600319,2.601737948
+UVA&OptCache,2.419671294,2.890581521
