Layers,Speedup
2,2.421168483
3,2.561633487
4,2.893924898
6,3.401902231
